[
 {
   "Name": "AFG",
   "Days": 0
 },
 {
   "Name": "ALA",
   "Days": 0
 },
 {
   "Name": "ALB",
   "Days": 0
 },
 {
   "Name": "DZA",
   "Days": 0
 },
 {
   "Name": "ASM",
   "Days": 0
 },
 {
   "Name": "AND",
   "Days": 0
 },
 {
   "Name": "AGO",
   "Days": 0
 },
 {
   "Name": "AIA",
   "Days": 0
 },
 {
   "Name": "ATA",
   "Days": 0
 },
 {
   "Name": "ATG",
   "Days": 0
 },
 {
   "Name": "ARG",
   "Days": 36
 },
 {
   "Name": "ARM",
   "Days": 0
 },
 {
   "Name": "ABW",
   "Days": 0
 },
 {
   "Name": "AUS",
   "Days": 0
 },
 {
   "Name": "AUT",
   "Days": 0
 },
 {
   "Name": "AZE",
   "Days": 0
 },
 {
   "Name": "BHS",
   "Days": 0
 },
 {
   "Name": "BHR",
   "Days": 0
 },
 {
   "Name": "BGD",
   "Days": 0
 },
 {
   "Name": "BRB",
   "Days": 0
 },
 {
   "Name": "BLR",
   "Days": 0
 },
 {
   "Name": "BEL",
   "Days": 0
 },
 {
   "Name": "BLZ",
   "Days": 0
 },
 {
   "Name": "BEN",
   "Days": 0
 },
 {
   "Name": "BMU",
   "Days": 0
 },
 {
   "Name": "BTN",
   "Days": 0
 },
 {
   "Name": "BOL",
   "Days": 0
 },
 {
   "Name": "BES",
   "Days": 0
 },
 {
   "Name": "BIH",
   "Days": 0
 },
 {
   "Name": "BWA",
   "Days": 0
 },
 {
   "Name": "BVT",
   "Days": 0
 },
 {
   "Name": "BRA",
   "Days": 0
 },
 {
   "Name": "IOT",
   "Days": 0
 },
 {
   "Name": "BRN",
   "Days": 0
 },
 {
   "Name": "BGR",
   "Days": 0
 },
 {
   "Name": "BFA",
   "Days": 0
 },
 {
   "Name": "BDI",
   "Days": 0
 },
 {
   "Name": "CPV",
   "Days": 0
 },
 {
   "Name": "KHM",
   "Days": 0
 },
 {
   "Name": "CMR",
   "Days": 0
 },
 {
   "Name": "CAN",
   "Days": 6
 },
 {
   "Name": "CYM",
   "Days": 0
 },
 {
   "Name": "CAF",
   "Days": 0
 },
 {
   "Name": "TCD",
   "Days": 0
 },
 {
   "Name": "CHL",
   "Days": 652
 },
 {
   "Name": "CHN",
   "Days": 0
 },
 {
   "Name": "CXR",
   "Days": 0
 },
 {
   "Name": "CCK",
   "Days": 0
 },
 {
   "Name": "COL",
   "Days": 0
 },
 {
   "Name": "COM",
   "Days": 0
 },
 {
   "Name": "COG",
   "Days": 0
 },
 {
   "Name": "COD",
   "Days": 0
 },
 {
   "Name": "COK",
   "Days": 0
 },
 {
   "Name": "CRI",
   "Days": 0
 },
 {
   "Name": "CIV",
   "Days": 0
 },
 {
   "Name": "HRV",
   "Days": 0
 },
 {
   "Name": "CUB",
   "Days": 0
 },
 {
   "Name": "CUW",
   "Days": 0
 },
 {
   "Name": "CYP",
   "Days": 0
 },
 {
   "Name": "CZE",
   "Days": 0
 },
 {
   "Name": "DNK",
   "Days": 0
 },
 {
   "Name": "DJI",
   "Days": 0
 },
 {
   "Name": "DMA",
   "Days": 0
 },
 {
   "Name": "DOM",
   "Days": 0
 },
 {
   "Name": "ECU",
   "Days": 0
 },
 {
   "Name": "EGY",
   "Days": 0
 },
 {
   "Name": "SLV",
   "Days": 10
 },
 {
   "Name": "GNQ",
   "Days": 0
 },
 {
   "Name": "ERI",
   "Days": 0
 },
 {
   "Name": "EST",
   "Days": 0
 },
 {
   "Name": "ETH",
   "Days": 0
 },
 {
   "Name": "FLK",
   "Days": 0
 },
 {
   "Name": "FRO",
   "Days": 0
 },
 {
   "Name": "FJI",
   "Days": 0
 },
 {
   "Name": "FIN",
   "Days": 0
 },
 {
   "Name": "FRA",
   "Days": 0
 },
 {
   "Name": "GUF",
   "Days": 0
 },
 {
   "Name": "PYF",
   "Days": 0
 },
 {
   "Name": "ATF",
   "Days": 0
 },
 {
   "Name": "GAB",
   "Days": 0
 },
 {
   "Name": "GMB",
   "Days": 0
 },
 {
   "Name": "GEO",
   "Days": 0
 },
 {
   "Name": "DEU",
   "Days": 0
 },
 {
   "Name": "GHA",
   "Days": 0
 },
 {
   "Name": "GIB",
   "Days": 0
 },
 {
   "Name": "GRC",
   "Days": 0
 },
 {
   "Name": "GRL",
   "Days": 0
 },
 {
   "Name": "GRD",
   "Days": 0
 },
 {
   "Name": "GLP",
   "Days": 0
 },
 {
   "Name": "GUM",
   "Days": 0
 },
 {
   "Name": "GTM",
   "Days": 0
 },
 {
   "Name": "GGY",
   "Days": 0
 },
 {
   "Name": "GIN",
   "Days": 0
 },
 {
   "Name": "GNB",
   "Days": 0
 },
 {
   "Name": "GUY",
   "Days": 0
 },
 {
   "Name": "HTI",
   "Days": 0
 },
 {
   "Name": "HMD",
   "Days": 0
 },
 {
   "Name": "VAT",
   "Days": 0
 },
 {
   "Name": "HND",
   "Days": 0
 },
 {
   "Name": "HKG",
   "Days": 0
 },
 {
   "Name": "HUN",
   "Days": 0
 },
 {
   "Name": "ISL",
   "Days": 0
 },
 {
   "Name": "IND",
   "Days": 0
 },
 {
   "Name": "IDN",
   "Days": 0
 },
 {
   "Name": "IRN",
   "Days": 0
 },
 {
   "Name": "IRQ",
   "Days": 0
 },
 {
   "Name": "IRL",
   "Days": 0
 },
 {
   "Name": "IMN",
   "Days": 0
 },
 {
   "Name": "ISR",
   "Days": 0
 },
 {
   "Name": "ITA",
   "Days": 0
 },
 {
   "Name": "JAM",
   "Days": 0
 },
 {
   "Name": "JPN",
   "Days": 0
 },
 {
   "Name": "JEY",
   "Days": 0
 },
 {
   "Name": "JOR",
   "Days": 0
 },
 {
   "Name": "KAZ",
   "Days": 0
 },
 {
   "Name": "KEN",
   "Days": 0
 },
 {
   "Name": "KIR",
   "Days": 0
 },
 {
   "Name": "PRK",
   "Days": 0
 },
 {
   "Name": "KOR",
   "Days": 0
 },
 {
   "Name": "KWT",
   "Days": 0
 },
 {
   "Name": "KGZ",
   "Days": 0
 },
 {
   "Name": "LAO",
   "Days": 0
 },
 {
   "Name": "LVA",
   "Days": 0
 },
 {
   "Name": "LBN",
   "Days": 0
 },
 {
   "Name": "LSO",
   "Days": 0
 },
 {
   "Name": "LBR",
   "Days": 0
 },
 {
   "Name": "LBY",
   "Days": 0
 },
 {
   "Name": "LIE",
   "Days": 0
 },
 {
   "Name": "LTU",
   "Days": 0
 },
 {
   "Name": "LUX",
   "Days": 0
 },
 {
   "Name": "MAC",
   "Days": 0
 },
 {
   "Name": "MKD",
   "Days": 0
 },
 {
   "Name": "MDG",
   "Days": 0
 },
 {
   "Name": "MWI",
   "Days": 0
 },
 {
   "Name": "MYS",
   "Days": 0
 },
 {
   "Name": "MDV",
   "Days": 0
 },
 {
   "Name": "MLI",
   "Days": 0
 },
 {
   "Name": "MLT",
   "Days": 0
 },
 {
   "Name": "MHL",
   "Days": 0
 },
 {
   "Name": "MTQ",
   "Days": 0
 },
 {
   "Name": "MRT",
   "Days": 0
 },
 {
   "Name": "MUS",
   "Days": 0
 },
 {
   "Name": "MYT",
   "Days": 0
 },
 {
   "Name": "MEX",
   "Days": 0
 },
 {
   "Name": "FSM",
   "Days": 0
 },
 {
   "Name": "MDA",
   "Days": 0
 },
 {
   "Name": "MCO",
   "Days": 0
 },
 {
   "Name": "MNG",
   "Days": 0
 },
 {
   "Name": "MNE",
   "Days": 0
 },
 {
   "Name": "MSR",
   "Days": 0
 },
 {
   "Name": "MAR",
   "Days": 0
 },
 {
   "Name": "MOZ",
   "Days": 0
 },
 {
   "Name": "MMR",
   "Days": 0
 },
 {
   "Name": "NAM",
   "Days": 0
 },
 {
   "Name": "NRU",
   "Days": 0
 },
 {
   "Name": "NPL",
   "Days": 0
 },
 {
   "Name": "NLD",
   "Days": 0
 },
 {
   "Name": "NCL",
   "Days": 0
 },
 {
   "Name": "NZL",
   "Days": 0
 },
 {
   "Name": "NIC",
   "Days": 0
 },
 {
   "Name": "NER",
   "Days": 0
 },
 {
   "Name": "NGA",
   "Days": 0
 },
 {
   "Name": "NIU",
   "Days": 0
 },
 {
   "Name": "NFK",
   "Days": 0
 },
 {
   "Name": "MNP",
   "Days": 0
 },
 {
   "Name": "NOR",
   "Days": 0
 },
 {
   "Name": "OMN",
   "Days": 0
 },
 {
   "Name": "PAK",
   "Days": 0
 },
 {
   "Name": "PLW",
   "Days": 0
 },
 {
   "Name": "PSE",
   "Days": 0
 },
 {
   "Name": "PAN",
   "Days": 0
 },
 {
   "Name": "PNG",
   "Days": 0
 },
 {
   "Name": "PRY",
   "Days": 0
 },
 {
   "Name": "PER",
   "Days": 0
 },
 {
   "Name": "PHL",
   "Days": 0
 },
 {
   "Name": "PCN",
   "Days": 0
 },
 {
   "Name": "POL",
   "Days": 0
 },
 {
   "Name": "PRT",
   "Days": 0
 },
 {
   "Name": "PRI",
   "Days": 0
 },
 {
   "Name": "QAT",
   "Days": 0
 },
 {
   "Name": "REU",
   "Days": 0
 },
 {
   "Name": "ROU",
   "Days": 0
 },
 {
   "Name": "RUS",
   "Days": 0
 },
 {
   "Name": "RWA",
   "Days": 0
 },
 {
   "Name": "BLM",
   "Days": 0
 },
 {
   "Name": "SHN",
   "Days": 0
 },
 {
   "Name": "KNA",
   "Days": 0
 },
 {
   "Name": "LCA",
   "Days": 0
 },
 {
   "Name": "MAF",
   "Days": 0
 },
 {
   "Name": "SPM",
   "Days": 0
 },
 {
   "Name": "VCT",
   "Days": 0
 },
 {
   "Name": "WSM",
   "Days": 0
 },
 {
   "Name": "SMR",
   "Days": 0
 },
 {
   "Name": "STP",
   "Days": 0
 },
 {
   "Name": "SAU",
   "Days": 0
 },
 {
   "Name": "SEN",
   "Days": 0
 },
 {
   "Name": "SRB",
   "Days": 0
 },
 {
   "Name": "SYC",
   "Days": 0
 },
 {
   "Name": "SLE",
   "Days": 0
 },
 {
   "Name": "SGP",
   "Days": 0
 },
 {
   "Name": "SXM",
   "Days": 0
 },
 {
   "Name": "SVK",
   "Days": 0
 },
 {
   "Name": "SVN",
   "Days": 0
 },
 {
   "Name": "SLB",
   "Days": 0
 },
 {
   "Name": "SOM",
   "Days": 0
 },
 {
   "Name": "ZAF",
   "Days": 0
 },
 {
   "Name": "SGS",
   "Days": 0
 },
 {
   "Name": "SSD",
   "Days": 0
 },
 {
   "Name": "ESP",
   "Days": 21
 },
 {
   "Name": "LKA",
   "Days": 0
 },
 {
   "Name": "SDN",
   "Days": 0
 },
 {
   "Name": "SUR",
   "Days": 0
 },
 {
   "Name": "SJM",
   "Days": 0
 },
 {
   "Name": "SWZ",
   "Days": 0
 },
 {
   "Name": "SWE",
   "Days": 0
 },
 {
   "Name": "CHE",
   "Days": 0
 },
 {
   "Name": "SYR",
   "Days": 0
 },
 {
   "Name": "TWN",
   "Days": 0
 },
 {
   "Name": "TJK",
   "Days": 0
 },
 {
   "Name": "TZA",
   "Days": 0
 },
 {
   "Name": "THA",
   "Days": 0
 },
 {
   "Name": "TLS",
   "Days": 0
 },
 {
   "Name": "TGO",
   "Days": 0
 },
 {
   "Name": "TKL",
   "Days": 0
 },
 {
   "Name": "TON",
   "Days": 0
 },
 {
   "Name": "TTO",
   "Days": 0
 },
 {
   "Name": "TUN",
   "Days": 0
 },
 {
   "Name": "TUR",
   "Days": 0
 },
 {
   "Name": "TKM",
   "Days": 0
 },
 {
   "Name": "TCA",
   "Days": 0
 },
 {
   "Name": "TUV",
   "Days": 0
 },
 {
   "Name": "UGA",
   "Days": 0
 },
 {
   "Name": "UKR",
   "Days": 0
 },
 {
   "Name": "ARE",
   "Days": 0
 },
 {
   "Name": "GBR",
   "Days": 0
 },
 {
   "Name": "USA",
   "Days": 783
 },
 {
   "Name": "UMI",
   "Days": 0
 },
 {
   "Name": "URY",
   "Days": 1
 },
 {
   "Name": "UZB",
   "Days": 0
 },
 {
   "Name": "VUT",
   "Days": 0
 },
 {
   "Name": "VEN",
   "Days": 0
 },
 {
   "Name": "VNM",
   "Days": 0
 },
 {
   "Name": "VGB",
   "Days": 0
 },
 {
   "Name": "VIR",
   "Days": 0
 },
 {
   "Name": "WLF",
   "Days": 0
 },
 {
   "Name": "ESH",
   "Days": 0
 },
 {
   "Name": "YEM",
   "Days": 0
 },
 {
   "Name": "ZMB",
   "Days": 0
 },
 {
   "Name": "ZWE",
   "Days": 0
 }
]