Country,In,Out,Total Days
Argentina,23-May-14,13-Jun-14,21
Uruguay,13-Jun-14,13-Jun-14,1
Argentina,13-Jun-14,21-Jun-14,8
United States,22-Jun-14,21-Aug-15,425
Canada,21-Aug-15,24-Aug-15,3
United States,24-Aug-15,11-Mar-16,200
Canada,11-Mar-16,14-Mar-16,3
United States,14-Mar-16,14-Jul-16,122
Chile,15-Jul-16,20-Dec-16,158
United States,21-Dec-16,03-Jan-17,13
Chile,04-Jan-17,15-Dec-17,345
United States,16-Dec-17,02-Jan-18,17
Chile,03-Jan-18,07-Apr-18,94
Argentina,07-Apr-18,14-Apr-18,7
Chile,14-Apr-18,02-06-18,49
United States,03-Jun-18,09-Jun-18,6
Chile,10-Jun-18,16-06-18,6
